Nombre,Tipo 1,Tipo 2,Habilidad 1,Habilidad 2,Habilidad Oculta,HP,ATK,DEF,ATK SP,DEF SP,SPD,Total,Rate
Bulbasaur,Grass,Poison,Overgrow,-,Clorophyll,45,49,49,65,65,45,318,45
Ivysaur,Grass,Poison,Overgrow,-,Clorophyll,60,62,63,80,80,60,405,45
Venusaur,Grass,Poison,Overgrow,-,Clorophyll,80,82,83,100,100,80,525,45
M-Venusaur,Grass,Poison,Thick Fat,-,-,80,100,123,122,120,80,625,45
Charmander,Fire,-,Blaze,-,Solar Power,39,52,43,60,50,65,309,45
Charmeleon,Fire,-,Blaze,-,Solar Power,58,64,58,80,65,80,405,45
Charizard,Fire,Flying,Blaze,-,Solar Power,78,84,78,109,85,100,534,45
M-Charizard-X,Fire,Dragon,Though Claws,-,-,78,130,111,130,85,100,634,45
M-Charizard-Y,Fire,Flying,Drought,-,-,78,104,78,159,115,100,634,45
Squirtle,Water,-,Torrent,-,Rain Dish,44,48,65,50,64,43,314,4
Warortle,Water,-,Torrent,-,Rain Dish,59,63,80,65,80,58,405,45
Blastoise,Water,-,Torrent,-,Rain Dish,79,83,100,85,105,78,530,45
M-Blastoise,Water,-,Mega Launcher,-,-,79,103,120,135,115,78,630,45
Caterpie,Bug,-,Shield Dust,-,Run Away,45,30,35,20,20,45,195,255
Metapod,Bug,-,Shed Skin,-,-,50,20,55,25,25,30,205,120
Butterfree,Bug,Flying,Compound Eyes,-,Tinted Lens,60,45,50,90,80,70,395,45
Weedle,Bug,Poison,Shield Dust,-,Run Away,40,35,30,20,20,50,195,255
Kakuna,Bug,Poison,Shed Skin,-,-,45,25,50,25,25,35,205,120
Beedrill,Bug,Poison,Swarm,-,Sniper,65,90,40,45,80,75,395,45
M-Beedrill,Bug,Poison,Adaptability,-,-,65,150,40,15,80,145,495,45
Pidgey,Normal,Flying,Keen Eye,Tangled Feet,Big Pecks,40,45,40,35,35,56,251,255
Pidgeotto,Normal,Flying,Keen Eye,Tangled Feet,Big Pecks,63,60,55,50,50,71,349,120
Pidgeot,Normal,Flying,Keen Eye,Tangled Feet,Big Pecks,83,80,75,70,70,101,479,45
M-Pidgeot,Normal,Flying,No Guard,-,-,83,80,80,135,80,121,579,45
Rattata,Normal,-,Run Away,Guts,Hustle,30,56,35,25,35,72,253,255
Raticae,Normal,-,Run Away,Guts,Hustle,55,81,60,50,70,97,413,127
Spearow,Normal,Flying,Keen Eye,-,Sniper,40,60,30,31,31,70,262,255
Fearow,Normal,Flying,Keen Eye,-,Sniper,65,90,65,61,61,100,442,90
Ekans,Poison,-,Intimidate,Shed Skin,Unnerve,35,60,44,40,54,55,288,255
Arbok,Poison,-,Intimidate,-,Unnerve,60,85,69,65,79,80,438,90
Pikachu,Electric,-,Static,-,Lightning Rod,35,55,40,50,50,90,320,190
Raichu,Electric,-,Static,-,Lightning Rod,60,90,55,90,80,110,485,75
Sandshrew,Ground,-,Sand Veil,-,Sand Rush,50,75,85,20,30,40,300,255
Sandslash,Ground,-,Sand Veil,-,Sand Rush,75,100,110,45,55,65,450,90
Nidoran-F,Poison,-,Poison Point,Rivalry,Hustle,55,47,52,40,40,41,275,235
Nidorina,Poison,-,Poison Point,Rivalry,Hustle,70,62,67,55,55,56,365,120
Nidoqueen,Poison,Ground,Poison Point,Rivalry,Sheer Force,90,92,87,75,85,76,505,45
Nidoran-M,Poison,-,Poison Point,Rivalry,Hustle,46,57,40,40,40,50,273,235
Nidorino,Poison,-,Poison Point,Rivalry,Hustle,61,72,57,55,55,65,365,120
Nidoking,Poison,Ground,Poison Point,Rivalry,Sheer Force,81,102,77,85,75,85,505,45
Clefairy,Fairy,-,Cute Charm,Magic Guard,Friend Guard,70,45,48,60,65,35,323,150
Clefable,Fairy,-,Cute Charm,Magic Guard,Unaware,95,70,73,95,90,60,483,25
Vulpix,Fire,-,Flash Fire,-,Drought,38,41,40,50,65,65,299,1190
Ninetales,Fire,-,Flash Fire,-,Drought,73,76,75,81,100,100,505,75
Jigglypuff,Normal,Fairy,Cute Charm,Competitive,Friend Guard,115,45,20,45,25,20,270,170
Wigglytuff,Normal,Fairy,Cute Charm,Competitive,Frisk,140,70,45,85,50,45,435,50
Zubat,Poison,Flying,Inner Focus,-,Infiltator,40,45,35,30,40,55,245,255
Golbat,Poison,Flying,Inner Focus,-,Infiltator,75,80,70,65,75,90,455,90
Oddish,Grass,Poison,Chloropyll,-,Run Away,45,50,55,75,65,30,320,255
Gloom,Grass,Poison,Chloropyll,-,Stench,60,65,70,85,75,40,395,120
Vileplume,Grass,Poison,Chloropyll,-,Effect Spore,75,80,85,110,90,50,490,45
Paras,Bug,Grass,Effect Spore,Dry Skin,Damp,35,70,55,45,55,25,285,190
Parasect,Bug,Grass,Effect Spore,Dry Skin,Damp,60,95,80,60,80,30,405,75
Venonat,Bug,Poison,Compound Eyes,Tinted Lens,Run Away,60,55,50,40,55,45,305,190
Venomoth,Bug,Poison,Compound Eyes,Tinted Lens,Wonder Skin,70,65,60,90,75,90,450,75
Diglett,Ground,-,Sand Veil,Arena Trap,Sand Force,10,55,25,35,45,95,265,255
Dugtrio,Ground,-,Sand Veil,Arena Trap,Sand Force,35,80,50,50,70,120,405,50
Meowth,Normal,-,Pickup,Technician,Unnerve,40,45,35,40,40,90,290,255
Persian,Normal,-,Limber,Technician,Unnerve,65,70,60,65,65,115,440,90
Psyduck,Water,-,Damp,Cloud Nine,Swift Swim,50,52,48,65,50,55,320,190
Golduck,Water,-,Damp,Cloud Nine,Swift Swim,80,82,78,95,80,85,500,75
Mankey,Fighting,-,Vital Spirit,Anger Point,Defiant,40,80,35,35,45,70,305,190
Primeape,Fighting,-,Vital Spirit,Anger Point,Defiant,65,105,60,60,70,95,455,75
Growlithe,Fire,-,Intimidate,Flash Fire,Justified,55,70,45,70,50,60,350,190
Arcanine,Fire,-,Intimidate,Flash Fire,Justified,90,110,80,100,80,95,555,75
Poliwag,Water,-,Water Absorb,Damp,Swift Swim,40,50,40,40,40,90,300,255
Poliwhirl,Water,-,Water Absorb,Damp,Swift Swim,65,65,65,50,50,90,385,120
Polowrath,Water,Fighting,Water Absorb,Damp,Swift Swim,90,95,95,70,90,70,510,45
Abra,Psychic,-,Shynchronize,Inner Focus,Magic Guard,25,20,15,105,55,90,310,200
Kadabra,Psychic,-,Shynchronize,Inner Focus,Magic Guard,40,35,30,120,70,105,400,100
Alakazam,Psychic,-,Shynchronize,Inner Focus,Magic Guard,55,50,45,135,95,120,500,50
M-Alakazam,Psychic,-,Trace,-,-,55,50,65,175,95,150,590,50
Machop,Fighting,-,Guts,No Guard,Steadfast,70,80,50,35,35,35,305,180
Machoke,Fighting,-,Guts,No Guard,Steadfast,80,100,70,50,60,45,405,90
Machamp,Fighting,-,Guts,No Guard,Steadfast,90,130,80,65,85,55,505,45
Bellsprout,Grass,Poison,Chloropyll,-,Gluttony,50,75,35,70,30,40,300,255
Weepinbell,Grass,Poison,Chloropyll,-,Gluttony,65,90,500,85,45,55,840,120
Victreebel,Grass,Poison,Chloropyll,-,Gluttony,80,105,65,100,70,70,490,45
Tentacool,Water,Poison,Clear Body,Liquid Ooze,Rain Dish,40,40,35,50,100,70,335,190
Tentacruel,Water,Poison,Clear Body,Liquid Ooze,Rain Dish,80,70,65,80,120,100,515,60
Geodude,Rock,Ground,Rock Head,Sturdy,Sand Veil,40,80,100,30,30,20,300,255
Graveler,Rock,Ground,Rock Head,Sturdy,Sand Veil,55,95,115,45,45,35,390,120
Golem,Rock,Ground,Rock Head,Sturdy,Sand Veil,80,120,130,55,65,45,495,45
Ponyta,Fire,-,Run Away,Flash Fire,Flame Body,50,85,55,65,65,90,410,190
Rapidash,Fire,-,Run Away,Flash Fire,Flame Body,65,100,70,80,80,105,500,60
Slowpoke,Water,Psychic,Oblivious ,Own Tempo,Regenerator,90,65,65,40,40,15,315,190
Slowbro,Water,Psychic,Oblivious ,Own Tempo,Regenerator,95,75,110,100,80,30,490,75
M-Slowbro,Water,Psychic,Shell Armor,-,-,95,75,180,130,80,30,590,75
Magnemite,Electric,Steel,Magnet Pull,Sturdy,Analytic,25,35,70,95,55,45,325,190
Magneton,Electric,Steel,Magnet Pull,Sturdy,Analytic,50,60,95,120,70,70,465,60
Farfetch'd,Normal,Flying,Keen Eye,Inner Focus,Defiant,52,65,55,58,62,60,352,45
Doduo,Normal,Flying,Run Away,Early Bird,Tangled Feet,35,85,45,35,35,75,310,190
Dodrio,Normal,Flying,Run Away,Early Bird,Tangled Feet,60,110,70,60,60,100,460,45
Seel,Water,-,Thick Fat,Hydratation,Ice Body,65,45,55,45,70,45,325,190
Dewgong,Water,Ice,Thick Fat,Hydratation,Ice Body,90,70,80,70,95,70,475,75
Grimer,Poison,-,Stench,Sticky Hold,Poison Touch,80,80,50,40,50,25,325,190
Muk,Poison,-,Stench,Sticky Hold,Poison Touch,105,105,75,65,100,50,500,75
Shellder,Water,-,Shell Armor,Skill Link,Overcoat,30,65,100,45,25,40,305,190
Cloyster,Water,Ice,Shell Armor,Skill Link,Overcoat,50,95,180,85,45,70,525,60
Gastly,Ghost,Poison,Levitate,-,-,30,35,30,100,35,80,310,190
Haunter,Ghost,Poison,Levitate,-,-,45,50,45,115,55,95,405,90
Gengar,Ghost,Poison,Levitate,-,-,60,65,60,130,75,110,500,45
M-Gengar,Ghost,Poison,Shadow Tag,-,-,60,65,80,170,95,130,600,45
Onix,Rock,Ground,Rock Head,Sturdy,Weak Armor,35,45,160,30,45,70,385,45
Drowzee,Psychic,-,Insomnia,Forewarn,Inner Focus,60,48,45,43,90,42,328,190
Hypno,Psychic,-,Insomnia,Forewarn,Inner Focus,85,73,70,73,115,67,483,75
Krabby,Water,-,Hyper Cutter,Shell Armor,Sheer Force,30,105,90,25,25,50,325,225
Kingler,Water,-,Hyper Cutter,Shell Armor,Sheer Force,55,130,115,50,50,75,475,60
Voltorb,Electric,-,Soundproof,Static,Aftermath,40,30,50,55,55,100,330,190
Electrode,Electric,-,Soundproof,Static,Aftermath,60,50,70,80,80,140,480,60
Exeggcute,Grass,Psychic,Chloropyll,-,Harvest,60,40,80,60,45,40,325,90
Exeggutor,Grass,Psychic,Chloropyll,-,Harvest,95,95,85,125,65,55,520,45
Cubone,Ground,-,Rock Head,Lightning Rod,Battle Armor,50,50,95,40,50,35,320,190
Marowak,Ground,-,Rock Head,Lightning Rod,Battle Armor,60,80,110,50,80,45,425,75
Hitmonlee,Fighting,-,Limber,Reckless,Unburden,50,120,53,35,110,87,455,45
Hitmonchan,Fighting,-,Keen Eye,Iron Fist,Inner Focus,50,105,79,35,110,76,455,45
Lickitung,Normal,-,Own Tempo,Oblivious,Cloud Nine,90,55,75,60,75,30,385,45
Koffing,Poison,-,Levitate,-,-,40,65,95,60,45,35,340,190
Weexing,Poison,-,Levitate,-,-,65,90,120,85,70,60,490,60
Rhyhorn,Ground,Rock,Lightning Rod,Rock Head,Reckless,80,85,95,30,30,25,345,120
Rhydon,Ground,Rock,Lightning Rod,Rock Head,Reckless,105,130,120,45,45,40,485,60
Chansey,Normal,-,Naural Cure,Serene Grace,Healer,250,5,5,35,105,50,450,30
Tangela,Grass,-,Chloropyll,Leaf Guard,Regenerator,65,55,115,100,40,60,435,45
Kangaskhan,Normal,-,Early Bird,Scrappy,Inner Focus,105,95,80,40,80,90,490,45
M-Kangaskhan,Normal,-,Parental Bond,-,-,105,125,100,60,100,100,590,45
Horsea,Water,-,Swift Swim,Sniper,Damp,30,40,70,70,25,60,295,225
Seadra,Water,-,Poison Point,Sniper,Damp,55,65,95,95,45,85,440,75
Goldeen,Water,-,Swift Swim,Water Veil,Lightning Rod,45,67,60,35,50,63,320,225
Seaking,Water,-,Swift Swim,Water Veil,Lightning Rod,80,92,65,65,80,68,450,60
Staryu,Water,-,Illuminate,Natural Cure,Analytic,30,45,55,70,55,85,340,225
Starmie,Water,Psychic,Illuminate,Natural Cure,Analytic,60,75,85,100,85,115,520,60
Mr. Mime,Psychic,Fairy,Soundproof,Fliter,Technician,40,45,65,100,120,90,460,45
Scyther,Bug,Flying,Swarm,Technician,Steadfast,70,110,80,55,80,105,500,45
Jynx,Ice,Psychic,Oblivious ,Forewarn,Dry Skin,65,50,35,115,95,95,455,45
Electabuzz,Electric,-,Static,-,Vital Spirit,65,83,57,95,85,105,490,45
Magmar,Fire,-,Flame Body,-,Vital Spirit,65,95,57,100,85,93,495,45
Pinsir,Bug,-,Hyper Cutter,Mold Breaker,Moxie,65,125,100,55,70,85,500,45
M-Pinsir,Bug,Flying,Aerilate,-,-,65,155,120,65,90,105,600,45
Tauros,Normal,-,Intimidate,Anger Point,Sheer Force,75,100,95,40,70,110,490,45
Magikarp,Water,-,Swift Swim,-,Ratled,20,10,55,15,20,80,200,255
Gyarados,Water,Flying,Intimidate,-,Moxie,95,125,79,60,100,81,540,45
M-Gyarados,Water,Dark,Mold Breaker,-,-,95,155,109,70,130,81,640,45
Lapras,Water,Ice,Water Absorb,Shell Armor,Hydratation,130,85,80,85,95,60,535,45
Ditto,Normal,-,Limber,-,Imposter,48,48,48,48,48,48,288,35
Eevee,Normal,-,Run Away,Adaptability,Anticipation,55,55,50,45,65,55,325,45
Vaporeon,Water,-,Water Absorb,-,Hydratation,130,65,60,110,95,65,525,45
Jolteon,Electric,-,Volt Absorb,-,Quick Feet,65,65,60,110,95,130,525,45
Flareon,Fire,-,Flash Fire,-,Guts,65,130,60,95,110,65,525,45
Porygon,Normal,-,Trace,Download,Analytic,65,60,70,85,75,40,395,45
Omanyte,Rock,Water,Swift Swim,Shell Armor,Weak Armor,35,40,100,90,55,35,355,45
Omastar,Rock,Water,Swift Swim,Shell Armor,Weak Armor,70,60,125,115,70,55,495,45
Kabuto,Rock,Water,Swift Swim,Battle Armor,Weak Armor,30,80,90,55,45,55,355,45
Kabutops,Rock,Water,Swift Swim,Battle Armor,Weak Armor,60,115,105,65,70,80,495,45
Aerodactyl,Rock,Flying,Rock Head,Pressure,Unnerve,80,105,65,60,75,130,515,45
M-Aerodactyl,Rock,Flying,Though Claws,-,-,80,135,85,70,95,150,615,45
Snorlax,Normal,-,Inmunity,Thick Fat,Gluttony,160,110,65,65,110,30,540,25
Articuno,Ice,Flying,Pressure,-,Snow Cloak,90,85,100,95,125,85,580,3
Zapdos,Electric,Flying,Pressure,-,Static,90,90,85,125,90,100,580,3
Moltres,Fire,Flying,Pressure,-,Flame Body,90,100,90,125,85,90,580,3
Dratini,Dragon,-,Shed Skin,-,Marvel Scale,41,65,45,50,50,50,301,45
Dragonair,Dragon,-,Shed Skin,-,Marvel Scale,61,84,65,70,70,70,420,45
Dragonite,Dragon,Flying,Inner Focus,-,Multiscale,91,134,95,100,100,80,600,45
Mewtwo,Psychic,-,Pressure,-,Unnerve,106,110,90,154,90,130,680,3
M-Mewtwo-X,Psychic,Fighting,Steadfast,-,-,106,190,100,154,100,130,780,3
M-Mewtwo-Y,Psychic,-,Insomnia,-,-,106,150,70,194,120,140,780,3
Mew,Psychic,-,Synchronize,-,-,100,100,100,100,100,100,600,3
Chikorita,Grass,-,Overgrow,-,Leaf Guard,45,49,65,49,65,45,318,45
Bayleef,Grass,-,Overgrow,-,Leaf Guard,60,62,80,63,80,60,405,45
Meganium,Grass,-,Overgrow,-,Leaf Guard,80,82,100,83,100,80,525,45
Cyndaquil,Fire,-,Blaze,-,Flash Fire,39,52,43,60,50,35,279,45
Quilava,Fire,-,Blaze,-,Flash Fire,58,64,58,80,65,80,405,45
Typhlosion,Fire,-,Blaze,-,Flash Fire,78,84,78,109,85,100,534,45
Totodile,Water,-,Torrent,-,Sheer Force,50,65,64,44,48,43,314,45
Croconaw,Water,-,Torrent,-,Sheer Force,65,80,80,59,63,58,405,45
Feraligatr,Water,-,Torrent,-,Sheer Force,85,105,100,79,83,78,530,45
Sentret,Normal,-,Run Away,Keen Eye,Frisk,35,46,34,35,45,20,215,255
Furret,Normal,-,Run Away,Keen Eye,Frisk,85,76,64,45,55,90,415,90
Hoothoot,Normal,Flying,Insomnia,Keen Eye,Tinted Lens,60,30,30,36,56,50,262,255
Noctowl,Normal,Flying,Insomnia,Keen Eye,Tinted Lens,100,50,50,76,96,70,442,90
Ledyba,Bug,Flying,Swarm,Early Bird,Rattled,40,20,30,40,80,55,265,255
Ledian,Bug,Flying,-,-,Iron Fist,55,35,50,55,110,85,390,90
Spinarak,Bug,Poison,Swarm,Insomia,Sniper,40,60,40,40,40,30,250,255
Ariados,Bug,Poison,Swarm,Insomia,Sniper,70,90,70,60,60,40,390,90
Crobat,Poison,Flying,Inner Focus,-,Infiltator,85,90,80,70,80,130,535,90
Chinchou,Water,Electric,Volt Absorb,Illuminate,Water Absorb,75,38,38,56,56,67,330,190
Lantrun,Water,Electric,Volt Absorb,Illuminate,Water Absorb,125,58,58,76,76,67,460,75
Pichu,Electric,-,Static,-,Lightning Rod,20,40,15,35,35,60,205,190
Cleffa,Fairy,-,Cute Charm,Magic Guard,Friend Guard,50,25,28,45,55,15,218,150
Igglybuff,Normal,Fairy,Cute Charm,Competitive,Friend Guard,90,30,15,40,20,15,210,170
Togepi,Fairy,-,Hustle,Serene Grace,Super Luck,35,20,65,40,65,20,245,190
Togetic,Fairy,Flying,Hustle,Serene Grace,Super Luck,55,40,85,80,105,40,405,75
Natu,Psychic,Flying,Synchronize,Early Bird,Magic Bounce,40,50,45,70,45,70,320,190
Xatu,Psychic,Flying,Synchronize,Early Bird,Magic Bounce,65,75,70,95,70,95,470,75
Mareep,Electric,-,Static,-,Plus,55,40,40,65,45,35,280,235
Flaffy,Electric,-,Static,-,Plus,70,55,55,80,60,45,365,120
Ampharos,Electric,-,Static,-,Plus,90,75,85,115,90,55,510,45
M-Ampharos,Electric,Dragon,-,-,Mold Breaker,90,95,105,165,110,45,610,45
Bellossom,Grass,-,Chloropyll,-,Healer,75,80,95,90,100,50,490,45
Marril,Water,Fairy,Thick Fat,Huge Power,Sap Sipper,70,20,50,20,50,40,250,190
Azumarill,Water,Fairy,Thick Fat,Huge Power,Sap Sipper,100,50,80,60,80,50,420,75
Sudowoodo,Rock,-,Sturdy,Rock Head,Rattled,70,100,115,30,65,30,410,65
Politoed,Water,-,Water Absorb,Damp,Drizzle,90,75,75,90,100,70,500,45
Hoppip,Grass,Flying,Chloropyll,Leaf Guard,Infiltator,35,35,40,35,55,50,250,255
Skiploom,Grass,Flying,Chloropyll,Leaf Guard,Infiltator,55,45,50,45,65,80,340,120
Jumpluff,Grass,Flying,Chloropyll,Leaf Guard,Infiltator,75,55,70,55,95,110,460,45
Aipom,Normal,-,Run Away,Pickup,Skill Link,55,70,55,40,55,85,360,45
Sunkern,Grass,-,Chloropyll,Solar Power,Early Bird,30,30,30,30,30,30,180,235
Sunflora,Grass,-,Chloropyll,Solar Power,Early Bird,75,75,55,105,85,30,425,120
Yanma,Bug,Flying,Speed Boost,Compound Eyes,Frisk,65,65,45,75,45,95,390,75
Wooper,Water,Ground,Damp,Water Absorb,Unaware,55,45,45,25,25,15,210,255
Quagsire,Water,Ground,Damp,Water Absorb,Unaware,95,85,85,65,65,35,430,90
Espeon,Psychic,-,Synchronize,-,Magic Bounce,65,65,60,130,95,110,525,45
Umbreon,Dark,-,Synchronize,-,Inner Focus,95,65,110,60,130,65,525,45
Murkrow,Dark,Flying,Insomnia,Super Luck,Prankster,60,85,42,85,42,91,405,30
Slowking,Water,Psychic,Oblivious ,Own Tempo,Regenerator,95,75,80,100,110,30,490,70
Misdreavus,Ghost,-,Levitate,-,-,60,60,60,85,85,85,435,45
Unown,Psychic,-,Levitate,-,-,48,72,48,72,48,48,336,225
Wobbuffet,Psychic,-,Shadow Tag,-,Telepathy,190,33,58,33,58,33,405,45
Girafarig,Normal,Psychic,Inner Focus,Early Bird,Sap Sipper,70,80,65,90,65,85,455,60
Pineco,Bug,-,Sturdy,-,Overcoat,50,65,90,35,35,15,290,190
Forretress,Bug,Steel,Sturdy,-,Overcoat,75,90,140,60,60,40,465,75
Dusparce,Normal,-,Serene Grace,Run Away,Rattled,100,70,70,65,65,45,415,190
Gligar,Ground,Flying,Hyper Cutter,Sand Veil,Inmunity,65,75,105,35,65,85,430,60
Steelix,Steel,Ground,Rock Head,Sturdy,Sheer Force,75,85,200,55,65,30,510,25
M-Steelix,Steel,Ground,Sand Force,-,-,75,125,230,55,95,30,610,25
Snubbull,Fairy,-,Intimidate,Run Away,Rattled,60,80,50,40,40,30,300,190
Granbull,Fairy,-,Intimidate,Quick Feet,Rattled,90,120,75,60,60,45,450,75
Qwilfish,Water,Poison,Poison Point,Swift Swim,Intimidate,65,95,75,55,55,85,430,45
Scizor,Bug,Steel,Swarm,Technician,Light Metal,70,130,100,55,80,65,500,25
M-Scizor,Bug,Steel,Technician,-,-,70,150,140,65,100,75,600,25
Shuckle,Bug,Rock,Sturdy,Gluttony,Contrary,20,10,230,10,230,5,505,190
Heracross,Bug,Fighting,Swarm,Guts,Moxie,80,125,75,40,95,85,500,45
M-Heracross,Bug,Fighting,Skill Link,-,-,80,185,115,40,105,75,600,45
Sneasel,Dark,Ice,Inner Focus,Keen Eye,Pickpocket,55,95,55,35,75,115,430,60
Teddiursa,Normal,-,Pickup,Quick Feet,Honey Gather,60,80,50,50,50,40,330,120
Ursaring,Normal,-,Guts,Quick Feet,Unnerve,90,130,75,75,75,55,500,60
Slugma,Fire,-,Magma Armor,Flame Body,Weak Armor,40,40,40,70,40,20,250,190
Magcargo,Fire,Rock,Magma Armor,Flame Body,Weak Armor,50,50,120,80,80,30,410,75
Swinub,Ice,Ground,Oblivious ,Snow Cloak,Thick Fat,50,50,40,30,30,50,250,225
Piloswine,Ice,Ground,Oblivious ,Snow Cloak,Thick Fat,100,100,80,60,60,50,450,75
Corsola,Water,Rock,Hustle,Natural Cure,Regenerator,55,55,85,65,85,35,380,60
Remoraid,Water,-,Hustle,Sniper,Moody,35,65,35,65,35,65,300,190
Octilery,Water,-,Suction Cups,Sniper,Moody,75,105,75,105,75,45,480,75
Delibird,Ice,Flying,Vital Spirit,Hustle,Insomnia,45,55,45,65,45,75,330,45
Mantine,Water,Flying,Swift Swim,Water Absorb,Water Veil,65,40,70,80,140,70,465,25
Skarmory,Steel,Flying,Keen Eye,Sturdy,Weak Armor,65,80,140,40,70,70,465,25
Houndour,Dark,Fire,Early Bird,Flash Fire,Unnerve,45,60,30,80,50,65,330,120
Houndoom,Dark,Fire,Early Bird,Flash Fire,Unnerve,75,90,50,110,80,95,500,45
M-Houndoom,Dark,Fire,Solar Power,-,-,75,90,90,140,90,115,600,45
Kingdra,Water,Dragon,Swift Swim,Sniper,Damp,75,95,95,95,95,85,540,45
Phanpy,Ground,-,Pickup,-,Sand Veil,90,60,60,40,40,40,330,120
Donphan,Ground,-,Sturdy,-,Sand Veil,90,120,120,60,60,50,500,60
Porygon2,Normal,-,Trace,Download,Analytic,85,80,90,105,95,60,515,45
Stantler,Normal,-,Intimidate,Frisk,Sap Sipper,73,95,62,85,65,85,465,45
Smeargle,Normal,-,Own Tempo,Technician,Moody,55,20,35,20,45,75,250,45
Tyrogue,Fighting,-,Guts,Steadfast,Vital Spirit,35,35,35,35,35,35,210,75
Hitmontop,Fighting,-,Intimidate,Technician,Steadfast,50,95,95,35,110,70,455,45
Smoochum,Ice,Psychic,Oblivious ,Forewarn,Hydration,45,30,15,85,65,65,305,45
Elekid,Electric,-,Static,-,Vital Spirit,45,63,37,65,55,95,360,45
Magby,Fire,-,Flame Body,-,Vital Spirit,45,75,37,70,55,83,365,45
Miltank,Normal,-,Thick Fat,Scrappy,Sap Sipper,95,80,105,40,70,100,490,45
Blissey,Normal,-,Natural Cure,Serene Grace,Healer,255,10,10,75,135,55,540,30
Raikou,Electric,-,Pressure,-,Volt Absorb,90,85,75,115,100,115,580,3
Entei,Fire,-,-,-,Flash Fire,115,115,85,90,75,100,580,3
Suicune,Water,-,-,-,Water Absorb,100,75,115,90,115,85,580,3
Larvitar,Rock,Ground,Guts,-,Sand Veil,50,64,50,45,50,41,300,45
Pupitar,Rock,Ground,Shed Skin,-,-,70,84,70,65,70,51,410,45
Tyranitar,Rock,Dark,Sand Stream,-,Unnerve,100,134,110,95,100,61,600,45
M-Tyranitar,Rock,Dark,Sand Stream,-,-,100,164,150,95,120,71,700,45
Lugia,Psychic,Flying,Pressure,-,Multiscale,106,90,130,90,154,110,680,3
Ho-oh,Fire,Flying,Pressure,-,Regenerator,106,130,90,110,154,90,680,3
Celebi,Psychic,Grass,Natural Cure,-,-,100,100,100,100,100,100,600,45
Treecko,Grass,-,Overgrow,-,Unburden,40,45,35,65,55,70,310,45
Grovyle,Grass,-,Overgrow,-,Unburden,50,65,45,85,65,95,405,45
Sceptile,Grass,-,Overgrow,-,Unburden,70,85,65,105,85,120,530,45
M-Sceptile,Grass,Dragon,Lightning Rod,-,-,70,110,75,145,85,145,630,45
Torchic,Fire,-,Blaze,-,Speed Boost,45,60,40,70,50,45,310,45
Combusken,Fire,Fighting,Blaze,-,Speed Boost,60,85,60,85,60,55,405,45
Blaziken,Fire,Fighting,Blaze,-,Speed Boost,80,120,70,110,70,80,530,45
M-Blaziken,Fire,Fighting,Speed Boost,-,-,80,160,80,130,80,100,630,45
Mudkip,Water,-,Torrent,-,Damp,50,70,50,50,50,40,310,45
Mashtomp,Water,Ground,Torrent,-,Damp,70,85,70,60,70,50,405,45
Swampert,Water,Ground,Torrent,-,Damp,100,110,90,85,90,60,535,45
M-Swampert,Water,Ground,Swift Swim,-,-,100,150,110,95,110,70,635,45
Poochyena,Dark,-,Run Away,Quick Feet,Rattled,35,55,35,30,30,35,220,255
Mightyena,Dark,-,Intimidate,Quick Feet,Moxie,70,90,70,60,60,70,420,127
Zigzagoon,Normal,-,Pickup,Gluttony,Quick Feet,38,30,41,30,41,60,240,255
Lioone,Normal,-,Pickup,Gluttony,Quick Feet,78,70,61,50,61,100,420,90
Wurple,Bug,-,Shield Dust,-,Run Away,45,45,35,20,30,20,195,255
Silcoon,Bug,-,Shed Skin,-,-,50,35,55,25,25,15,205,120
Beautifly,Bug,Flying,Swarm,-,Rivalry,60,70,50,100,50,65,395,45
Cascoon,Bug,-,Shed Skin,-,-,50,35,55,25,25,15,205,150
Dustox,Bug,Poison,Shield Dust,-,Compound Eyes,60,50,70,50,90,65,385,45
Lotad,Water,Grass,Swift Swim,Rain Dish,Own Tempo,40,30,30,40,50,30,220,25
Lombre,Water,Grass,Swift Swim,Rain Dish,Own Tempo,60,50,50,60,70,50,340,120
Ludicolo,Water,Grass,Swift Swim,Rain Dish,Own Tempo,80,70,70,90,100,70,480,45
Seedot,Grass,-,Chlorophyll,Early Bird,Pickpocket,40,40,50,30,30,30,220,255
Nuzleaf,Grass,-,Chlorophyll,Early Bird,Pickpocket,70,70,40,60,40,60,340,120
Shiftry,Grass,-,Chlorophyll,Early Bird,Pickpocket,90,100,60,90,60,80,480,45
Taillow,Normal,Flying,Guts,-,Scraapy,40,55,30,30,30,85,270,200
Swellow,Normal,Flying,Guts,-,Scraapy,60,85,60,75,50,125,455,45
Wingull,Water,Flying,Keen Eye,Hydratation,Rain Dish,40,30,30,55,30,85,270,190
Pelipper,Water,Flying,Keen Eye,Drizzle,Rain Dish,60,50,100,95,70,65,440,45
Ralts,Psychic,Fairy,Synchronize,Trace,Telepathy,28,25,25,45,35,40,198,235
Kirlia,Psychic,Fairy,Synchronize,Trace,Telepathy,38,35,35,65,55,50,278,120
Gardevoir,Psychic,Fairy,Synchronize,Trace,Telepathy,68,65,65,125,115,80,518,45
M-Gardevoir,Psychic,Fairy,Pixilate,-,-,68,85,65,165,135,100,618,45
Surskit,Bug,Water,Swift Swim,-,Rain Dish,40,30,32,50,52,65,269,200
Masquerain,Bug,Water,Intimidate,-,Unnerve,70,60,62,100,82,80,454,75
Shroomish,Grass,-,Effect Spore,Poison Heal,Quick Feet,60,40,60,40,60,35,295,255
Breloom,Grass,Fighting,-,-,Technician,60,130,80,60,60,70,460,90
Slakoth,Normal,-,Truant,-,-,60,60,60,35,35,30,280,255
Vigoroth,Normal,-,Vital Spirit,-,-,80,80,80,55,55,90,440,120
Slaking,Normal,-,Truant,-,-,150,160,100,95,65,100,670,45
Nincada,Bug,Ground,Compound Eyes,-,Run Away,31,45,90,30,30,40,266,255
Ninjask,Bug,Flying,Speed Boost,-,Infiltator,61,90,45,50,50,160,456,120
Shedinja,Bug,Ghost,Wonder Guard,-,-,1,90,45,30,30,40,236,45
Wihismur,Normal,-,Soundproof,-,Rattled,64,51,23,51,23,28,240,190
Loudred,Normal,-,Soundproof,-,Scraapy,84,71,43,71,43,48,360,120
Exploud,Normal,-,Soundproof,-,-,104,91,63,91,73,68,490,45
Makuhita,Fighting,-,Thick Fat,Guts,Sheer Force,72,60,30,20,30,25,237,180
Hariyama,Fighting,-,Thick Fat,Guts,Sheer Force,144,120,60,40,60,50,474,200
Azurill,Normal,Fairy,Thick Fat,Huge Power,Sap Sipper,50,20,40,20,40,20,190,150
Nosepass,Rock,-,Sturdy,Magnet Pull,Sand Force,30,45,135,45,90,30,375,255
Skitty,Normal,-,Cute Charm,Normalize,Wonder Skin,50,45,45,35,35,50,260,255
Delcatty,Normal,-,Cute Charm,Normalize,Wonder Skin,70,65,65,55,55,90,400,60
Sableye,Dark,Ghost,Keen Eye,Stall,Prankster,50,75,75,65,65,50,380,45
M-Sableye,Dark,Ghost,Magic Bounce,-,-,50,85,125,85,115,20,480,45
Mawile,Steel,Fairy,Hyper Cutter,Intimidate,Sheer Force,50,85,85,55,55,50,380,45
M-Mawile,Steel,Fairy,Huge Power,-,-,50,105,125,55,95,50,480,45
Aron,Steel,Ground,Sturdy,Rock Head,Heavy Metal,50,70,100,40,40,30,330,180
Lairon,Steel,Ground,Sturdy,Rock Head,Heavy Metal,60,90,140,50,50,40,430,90
Aggron,Steel,Ground,Sturdy,Rock Head,Heavy Metal,70,110,180,60,60,50,530,45
M-Aggron,Steel,-,Filter,-,-,70,140,230,60,80,50,630,45
Meditite,Fighting,Psychic,Pure Power,-,Telepathy,30,40,55,40,55,60,280,180
Medicham,Fighting,Psychic,Pure Power,-,Telepathy,60,60,75,60,75,80,410,90
M-Medicham,Fighting,Psychic,Pure Power,-,-,60,100,85,80,85,100,510,90
Electrike,Electric,-,Static,Lightning Rod,Minus,40,45,40,65,40,65,295,120
Manetric,Electric,-,Static,Lightning Rod,Minus,70,75,60,105,60,105,475,45
M-Manetric,Electric,-,Intimidate,-,-,70,75,80,135,80,135,575,45
Plusle,Electric,-,Plus,-,Lightning Rod,60,50,40,85,75,95,405,200
Minum,Electric,-,Minus,-,Volt Absorb,60,40,50,75,85,95,405,200
Volbeat,Bug,-,Illuminate,Swarm,Prankster,65,73,75,47,85,85,430,150
Illumise,Bug,-,Oblivious ,Tinted Lens,Prankster,65,47,75,73,85,85,430,150
Roselia,Grass,Poison,Natural Cure,Poison Point,Leaf Guard,50,60,45,100,80,65,400,150
Gulpin,Poison,-,Liquid Ooze,Sticky Hold,Gluttony,70,43,53,43,53,40,302,225
Swalot,Poison,-,Liquid Ooze,Sticky Hold,Gluttony,100,73,83,73,83,55,467,75
Carvanha,Water,Dark,Rough Skin,-,Speed Boost,45,90,20,65,20,65,305,225
Sharpedo,Water,Dark,Rough Skin,-,Speed Boost,70,120,40,95,40,95,460,60
M-Sharpedo,Water,Dark,Strong Jaw,-,-,70,140,70,110,65,105,560,60
Wailmer,Water,-,Water Veil,Oblivious,Pressure,130,70,35,70,35,60,400,125
Wailord,Water,-,Water Veil,Oblivious,Pressure,170,90,45,90,45,60,500,60
Numel,Fire,Ground,Oblivious ,Simple,Own Tempo,60,60,40,65,45,35,305,255
Camerupt,Fire,Ground,Magma Armor,Solid Rock,Anger Point,70,100,70,105,75,40,460,150
M-Camerupt,Fire,Ground,Sheer Force,-,-,70,120,100,145,105,20,560,150
Torkoal,Fire,-,White Smoke,Drought,Shell Armor,70,85,140,85,70,20,470,90
Spoink,Psychic,-,Thick Fat,Own Tempo,Gluttony,60,25,35,70,80,60,330,255
Grumpig,Psychic,-,Thick Fat,Own Tempo,Gluttony,80,45,65,90,110,80,470,60
Spinda,Normal,-,Own Tempo,Tangled Feet,Contrary,60,60,60,60,60,60,360,255
Trapinch,Ground,-,Hyper Cutter,Arena Trap,Sheer Force,45,100,45,45,45,10,290,255
Vibrava,Ground,Dragon,Levitate,-,-,50,70,50,50,50,70,340,120
Flygon,Ground,Dragon,Levitate,-,-,80,100,80,80,80,100,520,45
Cacnea,Grass,-,Sand Veil,-,Water Absorb,50,85,40,85,40,35,335,190
Cacturne,Grass,Dark,Sand Veil,-,Water Absorb,70,115,60,115,60,55,475,60
Swablu,Normal,Flying,Natural Cure,-,Cloud Nine,45,40,60,40,75,50,310,255
Altaria,Dragon,Flying,Natural Cure,-,Cloud Nine,75,70,90,70,105,80,490,45
M-Altaria,Dragon,Fairy,Pixilate,-,-,75,110,110,110,105,80,590,45
Zangoose,Normal,-,Inmunity,-,Toxic Boost,73,115,60,60,60,90,458,90
Seviper,Poison,-,Shed Skin,-,Infiltator,73,100,60,100,60,65,458,90
Lunatone,Rock,Psychic,Levitate,-,-,90,55,65,95,85,70,460,45
Solrock,Rock,Psychic,Levitate,-,-,90,95,85,55,65,70,460,45
Barboach,Water,Ground,Oblivious ,Anticipation,Hydration,50,48,43,46,41,60,288,190
Wishcash,Water,Ground,Oblivious ,Anticipation,Hydration,110,78,73,76,71,60,468,75
Corphish,Water,-,Hyper Cutter,Shell Armor,Adaptability,43,80,65,50,35,35,308,205
Crawdaunt,Water,Dark,Hyper Cutter,Shell Armor,Adaptability,63,120,85,90,55,55,468,155
Baltoy,Ground,Psychic,Levitate,-,-,40,40,55,40,70,55,300,255
Claydol,Ground,Psychic,Levitate,-,-,60,70,105,70,120,75,500,90
Lileep,Rock,Grass,Suction Cups,-,Storm Drain,66,41,77,61,87,23,355,45
Cradily,Rock,Grass,Suction Cups,-,Storm Drain,86,81,97,81,107,43,495,45
Anorith,Rock,Bug,Battle Armor,-,Swift Swim,45,95,50,40,50,75,355,45
Armaldo,Rock,Bug,Battle Armor,-,Swift Swim,75,125,100,70,80,45,495,45
Feebas,Water,-,Swift Swim,Oblivious,Adaptability,20,15,20,10,55,80,200,255
Milotic,Water,-,Marvel Scale,Competitive,Cute Charm,95,60,79,100,125,81,540,60
Castform (Normal),Normal,-,Forecast,-,-,70,70,70,70,70,70,420,45
Castform (Sunny),Fire,-,Forecast,-,-,70,70,70,70,70,70,420,45
Castform (Rainy),Water,-,Forecast,-,-,70,70,70,70,70,70,420,45
Castform (Snowyl),Ice,-,Forecast,-,-,70,70,70,70,70,70,420,45
Kecleon,Normal,-,Color Change,-,Protean,60,90,70,60,120,40,440,200
Shuppet,Ghost,-,Insomnia,Frisk,Cursed Body,44,75,35,63,33,45,295,255
Banette,Ghost,-,Insomnia,Frisk,Cursed Body,64,115,65,83,63,65,455,45
M-Banette,Ghost,-,Prankster,-,-,64,165,75,93,83,75,555,45
Duskull,Ghost,-,Levitate,-,Frisk,20,40,90,30,90,25,295,190
Dusclops,Ghost,-,Pressure,-,Frisk,40,70,130,60,130,25,455,90
Tropius,Grass,Flying,Chlorophyll,Solar Power,Harvest,99,68,83,72,87,51,460,200
Chimecho,Psychic,-,Levitate,-,-,75,50,80,95,90,65,455,45
Absol,Dark,-,Pressure,Super Luck,Justified,65,130,60,75,60,75,465,30
M-Absol,Dark,-,Magic Bounce,-,-,65,150,60,115,60,115,565,30
Wynaut,Psychic,-,Shadow Tag,-,Telepathy,95,23,48,23,48,23,260,125
Snorunt,Ice,-,Inner Focus,Ice Body,Moody,50,50,50,50,50,50,300,190
Galie,Ice,-,Inner Focus,Ice Body,Moody,80,80,80,80,80,80,480,75
M-Galie,Ice,-,Refrigerate,-,-,80,120,80,120,80,100,580,75
Spheal,Ice,Water,Thick Fat,Ice Body,Oblivious,70,40,50,55,50,25,290,255
Sealeo,Ice,Water,Thick Fat,Ice Body,Oblivious,90,60,70,75,70,45,410,120
Walrein,Ice,Water,Thick Fat,Ice Body,Oblivious,110,80,90,95,90,65,530,45
Clamperl,Water,-,Shell Armor,-,Rattled,35,64,85,74,55,32,345,255
Huntail,Water,-,Swift Swim,-,Water Veil,55,104,105,94,75,52,485,60
Gorebyss,Water,-,Swift Swim,-,Hydratation,55,84,105,114,75,52,485,60
Relicanth,Water,Rock,Swift Swim,Rock Head,Sturdy,100,90,130,45,65,55,485,25
Luvdisc,Water,-,Swift Swim,-,Hydratation,43,30,55,40,65,97,330,225
Bagon,Dragon,-,Rock Head,-,Sheer Force,45,75,60,40,30,50,300,45
Shellgon,Dragon,-,Rock Head,-,Overcoat,65,95,100,60,50,50,420,45
Salamence,Dragon,Flying,Intimidate,-,Moxie,95,135,80,110,80,100,600,45
M-Salamence,Dragon,Flying,Aerilate,-,-,95,145,130,120,90,120,700,45
Beldum,Steel,Psychic,Clear Body,-,Light Metal,40,55,80,35,60,30,300,3
Metang,Steel,Psychic,Clear Body,-,Light Metal,60,75,100,55,80,50,420,3
Metagross,Steel,Psychic,Clear Body,-,Light Metal,80,135,130,95,90,70,600,3
M-Metagross,Steel,Psychic,Tough Claws,-,-,80,145,150,105,110,110,700,3
Regirock,Rock,-,Clear Body,-,Sturdy,80,100,200,50,100,50,580,3
Regice,Ice,-,Clear Body,-,Ice Body,80,50,100,100,200,50,580,3
Registeel,Steel,-,Clear Body,-,Light Metal,80,75,150,75,150,50,580,3
Latias,Dragon,Psychic,Levitate,-,-,80,80,90,110,130,110,600,3
M-Latias,Dragon,Psychic,-,-,-,80,100,120,140,150,110,700,3
Latios,Dragon,Psychic,-,-,-,80,90,80,130,110,110,600,3
M-Latios,Dragon,Psychic,-,-,-,80,130,100,160,120,110,700,3
Kyogre,Water,-,Drizzle,-,-,100,100,90,150,140,90,670,3
Primal Kyogre,Water,-,Primordial Sea,-,-,100,150,90,180,160,90,770,3
Groudon,Ground,-,Drought,-,-,100,150,140,100,90,90,670,3
Primal Groudon,Ground,Fire,Desolate Land,-,-,100,180,160,150,90,90,770,3
Rayquaza,Dragon,Flying,Air Lock,-,-,105,150,90,150,90,95,680,45
M-Rayquaza,Dragon,Flying,Delta Stream,-,-,105,180,100,180,100,115,780,45
Jirachi,Steel,Psychic,Serene Grace,-,-,100,100,100,100,100,100,600,3
Deoxys (Normal),Psychic,-,Pressure,-,-,50,150,50,150,50,150,600,3
Deoxys (Attack),Psychic,-,Pressure,-,-,50,180,20,180,20,150,600,3
Deoxys (Defense),Psychic,-,Pressure,-,-,50,70,160,70,160,90,600,3
Deoxys (Speed),Psychic,-,Pressure,-,-,50,95,90,95,90,180,600,3
,,,,,,,,,,,,,
,,,,,,,,,,,,,
,,,,,,,,,,,,,
,,,,,,,,,,,,,
,,,,,,,,,,,,,
,,,,,,,,,,,,,
,,,,,,,,,,,,,
,,,,,,,,,,,,,
,,,,,,,,,,,,,
,,,,,,,,,,,,,
,,,,,,,,,,,,,
,,,,,,,,,,,,,
,,,,,,,,,,,,,
,,,,,,,,,,,,,
,,,,,,,,,,,,,
,,,,,,,,,,,,,
,,,,,,,,,,,,,
,,,,,,,,,,,,,
,,,,,,,,,,,,,
,,,,,,,,,,,,,
,,,,,,,,,,,,,
,,,,,,,,,,,,,
,,,,,,,,,,,,,
,,,,,,,,,,,,,
,,,,,,,,,,,,,
,,,,,,,,,,,,,
,,,,,,,,,,,,,
,,,,,,,,,,,,,
,,,,,,,,,,,,,
,,,,,,,,,,,,,
,,,,,,,,,,,,,
,,,,,,,,,,,,,
,,,,,,,,,,,,,
,,,,,,,,,,,,,
,,,,,,,,,,,,,
,,,,,,,,,,,,,
,,,,,,,,,,,,,
,,,,,,,,,,,,,
,,,,,,,,,,,,,
,,,,,,,,,,,,,
,,,,,,,,,,,,,
,,,,,,,,,,,,,
,,,,,,,,,,,,,
,,,,,,,,,,,,,
,,,,,,,,,,,,,
,,,,,,,,,,,,,
,,,,,,,,,,,,,
,,,,,,,,,,,,,
,,,,,,,,,,,,,
,,,,,,,,,,,,,
,,,,,,,,,,,,,
,,,,,,,,,,,,,
,,,,,,,,,,,,,
,,,,,,,,,,,,,
,,,,,,,,,,,,,
,,,,,,,,,,,,,
,,,,,,,,,,,,,
,,,,,,,,,,,,,
,,,,,,,,,,,,,
,,,,,,,,,,,,,
,,,,,,,,,,,,,
,,,,,,,,,,,,,
,,,,,,,,,,,,,
,,,,,,,,,,,,,
,,,,,,,,,,,,,
,,,,,,,,,,,,,
,,,,,,,,,,,,,
,,,,,,,,,,,,,
,,,,,,,,,,,,,
,,,,,,,,,,,,,
,,,,,,,,,,,,,
,,,,,,,,,,,,,
,,,,,,,,,,,,,
,,,,,,,,,,,,,
,,,,,,,,,,,,,
,,,,,,,,,,,,,
,,,,,,,,,,,,,
,,,,,,,,,,,,,
,,,,,,,,,,,,,
,,,,,,,,,,,,,
,,,,,,,,,,,,,
,,,,,,,,,,,,,
,,,,,,,,,,,,,
,,,,,,,,,,,,,
,,,,,,,,,,,,,
,,,,,,,,,,,,,
,,,,,,,,,,,,,
,,,,,,,,,,,,,
,,,,,,,,,,,,,
,,,,,,,,,,,,,
,,,,,,,,,,,,,
,,,,,,,,,,,,,
,,,,,,,,,,,,,
,,,,,,,,,,,,,
,,,,,,,,,,,,,
,,,,,,,,,,,,,
,,,,,,,,,,,,,
,,,,,,,,,,,,,
,,,,,,,,,,,,,
,,,,,,,,,,,,,
,,,,,,,,,,,,,
,,,,,,,,,,,,,
,,,,,,,,,,,,,
,,,,,,,,,,,,,
,,,,,,,,,,,,,
,,,,,,,,,,,,,
,,,,,,,,,,,,,
,,,,,,,,,,,,,
,,,,,,,,,,,,,
,,,,,,,,,,,,,
,,,,,,,,,,,,,
,,,,,,,,,,,,,
,,,,,,,,,,,,,
,,,,,,,,,,,,,
,,,,,,,,,,,,,
,,,,,,,,,,,,,
,,,,,,,,,,,,,
,,,,,,,,,,,,,
,,,,,,,,,,,,,
,,,,,,,,,,,,,
,,,,,,,,,,,,,
,,,,,,,,,,,,,
,,,,,,,,,,,,,
,,,,,,,,,,,,,
,,,,,,,,,,,,,
,,,,,,,,,,,,,
,,,,,,,,,,,,,
,,,,,,,,,,,,,
,,,,,,,,,,,,,
,,,,,,,,,,,,,
,,,,,,,,,,,,,
,,,,,,,,,,,,,
,,,,,,,,,,,,,
,,,,,,,,,,,,,
,,,,,,,,,,,,,
,,,,,,,,,,,,,
